"","Unter 30","Älter"
"i13",0.534771626413913,0.465228373586087
"i23",0.43259573138542,0.56740426861458
