"","Weiblich","Männlich"
"i13",0.500040224213959,0.499959775786041
"i23",0.557546210273596,0.442453789726404
