TIME,med_inc_real,med_inc_nom,hcpi
2004,25419.1616766467,21225,83.5
2005,26028.2352941176,22124,85.0
2006,26200,22663,86.5
2007,26523.8636363636,23341,88.0
2008,26492.3245614035,24161,91.2
2009,27175.8957654723,25029,92.1
2010,27277.3645058448,25668,94.1
2011,27892.3395445135,26944,96.6
2012,27486.3498483316,27184,98.9
2013,27609.6579476861,27444,99.4
2014,27916.8336673347,27861,99.8
2015,28364,28364,100.0
2016,28665,28665,100.0
2017,29063.3036597428,29383,101.1
